what,kind,bundleId,bundleVersion,description,time
started,bundle,org.eclipse.core.runtime.compatibility,3.2.100.v20100505,"org.eclipse.core.runtime.compatibility",1384985990443
started,bundle,org.eclipse.core.runtime.compatibility.auth,3.2.200.v20110110,"org.eclipse.core.runtime.compatibility.auth",1384985990457
started,bundle,org.eclipse.core.variables,3.2.500.v20110511,"org.eclipse.core.variables",1384985990467
started,bundle,org.eclipse.debug.core,3.7.0.v20110518,"org.eclipse.debug.core",1384985990470
started,bundle,org.eclipse.egit.core,1.1.0.201109151100-r,"org.eclipse.egit.core",1384985990635
started,bundle,org.eclipse.egit.ui,1.1.0.201109151100-r,"org.eclipse.egit.ui",1384985990709
started,bundle,org.eclipse.epp.mpc.ui,1.1.1.I20110907-0947,"org.eclipse.epp.mpc.ui",1384985990710
started,bundle,org.eclipse.epp.usagedata.gathering,1.3.1.R201106061540,"org.eclipse.epp.usagedata.gathering",1384985990782
started,bundle,org.eclipse.epp.usagedata.recording,1.3.1.R201106061540,"org.eclipse.epp.usagedata.recording",1384985990855
started,bundle,org.eclipse.equinox.app,1.3.100.v20110321,"org.eclipse.equinox.app",1384985990875
started,bundle,org.eclipse.equinox.common,3.6.0.v20110523,"org.eclipse.equinox.common",1384985990941
started,bundle,org.eclipse.equinox.ds,1.3.1.R37x_v20110701,"org.eclipse.equinox.ds",1384985991005
started,bundle,org.eclipse.equinox.event,1.2.100.v20110502,"org.eclipse.equinox.event",1384985991065
started,bundle,org.eclipse.equinox.p2.artifact.repository,1.1.101.R37x_v20110714,"org.eclipse.equinox.p2.artifact.repository",1384985991192
started,bundle,org.eclipse.equinox.p2.core,2.1.0.v20110502-1955,"org.eclipse.equinox.p2.core",1384985991271
started,bundle,org.eclipse.equinox.p2.director,2.1.0.v20110504-1715,"org.eclipse.equinox.p2.director",1384985991409
started,bundle,org.eclipse.equinox.p2.directorywatcher,1.0.300.v20110502-1955,"org.eclipse.equinox.p2.directorywatcher",1384985991481
started,bundle,org.eclipse.equinox.p2.engine,2.1.0.v20110511,"org.eclipse.equinox.p2.engine",1384985991596
started,bundle,org.eclipse.equinox.p2.extensionlocation,1.2.100.v20110510,"org.eclipse.equinox.p2.extensionlocation",1384985991657
started,bundle,org.eclipse.equinox.p2.garbagecollector,1.0.200.v20110510,"org.eclipse.equinox.p2.garbagecollector",1384985991746
started,bundle,org.eclipse.equinox.p2.metadata,2.1.0.v20110510,"org.eclipse.equinox.p2.metadata",1384985991797
started,bundle,org.eclipse.equinox.p2.metadata.repository,1.2.0.v20110511-1359,"org.eclipse.equinox.p2.metadata.repository",1384985991882
started,bundle,org.eclipse.equinox.p2.operations,2.1.0.v20110511-1821,"org.eclipse.equinox.p2.operations",1384985991945
started,bundle,org.eclipse.equinox.p2.publisher,1.2.0.v20110511,"org.eclipse.equinox.p2.publisher",1384985992033
started,bundle,org.eclipse.equinox.p2.reconciler.dropins,1.1.100.v20110510,"org.eclipse.equinox.p2.reconciler.dropins",1384985992055
started,bundle,org.eclipse.equinox.p2.repository,2.1.0.v20110601,"org.eclipse.equinox.p2.repository",1384985992071
started,bundle,org.eclipse.equinox.p2.touchpoint.eclipse,2.1.1.R37x_v20110815-0935,"org.eclipse.equinox.p2.touchpoint.eclipse",1384985992100
started,bundle,org.eclipse.equinox.p2.ui.sdk.scheduler,1.0.100.v20110502-1955,"org.eclipse.equinox.p2.ui.sdk.scheduler",1384985992183
started,bundle,org.eclipse.equinox.p2.updatechecker,1.1.200.v20110502-1955,"org.eclipse.equinox.p2.updatechecker",1384985992264
started,bundle,org.eclipse.equinox.preferences,3.4.1.R37x_v20110725,"org.eclipse.equinox.preferences",1384985992283
started,bundle,org.eclipse.equinox.registry,3.5.101.R37x_v20110810-1611,"org.eclipse.equinox.registry",1384985992385
started,bundle,org.eclipse.equinox.security,1.1.1.R37x_v20110822-1018,"org.eclipse.equinox.security",1384985992533
started,bundle,org.eclipse.equinox.util,1.0.300.v20110502,"org.eclipse.equinox.util",1384985992594
started,bundle,org.eclipse.help,3.5.100.v20110426,"org.eclipse.help",1384985992656
started,bundle,org.eclipse.jface,3.7.0.I20110522-1430,"org.eclipse.jface",1384985992687
started,bundle,org.eclipse.jgit,1.1.0.201109151100-r,"org.eclipse.jgit",1384985992687
started,bundle,org.eclipse.jsch.core,1.1.300.I20110514-0800,"org.eclipse.jsch.core",1384985992715
started,bundle,org.eclipse.linuxtools.cdt.autotools.core,1.0.2.201108301805,"org.eclipse.linuxtools.cdt.autotools.core",1384985992746
started,bundle,org.eclipse.ltk.core.refactoring,3.5.201.r371_v20110824-0800,"org.eclipse.ltk.core.refactoring",1384985992769
started,bundle,org.eclipse.ltk.ui.refactoring,3.6.0.v20110505-0800,"org.eclipse.ltk.ui.refactoring",1384985992784
started,bundle,org.eclipse.mylyn.bugzilla.core,3.6.2.v20110903-0100,"org.eclipse.mylyn.bugzilla.core",1384985992839
started,bundle,org.eclipse.mylyn.bugzilla.ui,3.6.0.v20110608-1400,"org.eclipse.mylyn.bugzilla.ui",1384985992869
started,bundle,org.eclipse.mylyn.commons.identity,0.8.0.v20110608-1400,"org.eclipse.mylyn.commons.identity",1384985992898
started,bundle,org.eclipse.mylyn.commons.net,3.6.0.v20110608-1400,"org.eclipse.mylyn.commons.net",1384985992898
started,bundle,org.eclipse.mylyn.commons.ui,3.6.1.v20110720-0100,"org.eclipse.mylyn.commons.ui",1384985992909
started,bundle,org.eclipse.mylyn.context.core,3.6.1.v20110720-0100,"org.eclipse.mylyn.context.core",1384985992935
started,bundle,org.eclipse.mylyn.context.ui,3.6.0.v20110608-1400,"org.eclipse.mylyn.context.ui",1384985992998
started,bundle,org.eclipse.mylyn.monitor.ui,3.6.0.v20110608-1400,"org.eclipse.mylyn.monitor.ui",1384985993015
started,bundle,org.eclipse.mylyn.tasks.ui,3.6.2.v20110826-0100,"org.eclipse.mylyn.tasks.ui",1384985993057
started,bundle,org.eclipse.mylyn.team.ui,3.6.1.v20110825-0100,"org.eclipse.mylyn.team.ui",1384985993089
started,bundle,org.eclipse.search,3.7.0.v20110505-0800,"org.eclipse.search",1384985993111
started,bundle,org.eclipse.team.core,3.6.0.I20110525-0800,"org.eclipse.team.core",1384985993175
started,bundle,org.eclipse.team.ui,3.6.100.I20110525-0800,"org.eclipse.team.ui",1384985993205
started,bundle,org.eclipse.ui,3.7.0.I20110602-0100,"org.eclipse.ui",1384985993255
started,bundle,org.eclipse.ui.console,3.5.100.v20110511,"org.eclipse.ui.console",1384985993292
started,bundle,org.eclipse.ui.editors,3.7.0.v20110517-0800,"org.eclipse.ui.editors",1384985993292
started,bundle,org.eclipse.ui.forms,3.5.100.v20110425,"org.eclipse.ui.forms",1384985993347
started,bundle,org.eclipse.ui.ide,3.7.0.v20110809-1737,"org.eclipse.ui.ide",1384985993376
started,bundle,org.eclipse.ui.navigator,3.5.100.v20110809-2227,"org.eclipse.ui.navigator",1384985993427
started,bundle,org.eclipse.ui.navigator.resources,3.4.300.I20110421-1800,"org.eclipse.ui.navigator.resources",1384985993468
started,bundle,org.eclipse.ui.net,1.2.100.I20110511-0800,"org.eclipse.ui.net",1384985993508
started,bundle,org.eclipse.ui.views,3.6.0.I20110412-0800,"org.eclipse.ui.views",1384985993516
started,bundle,org.eclipse.ui.workbench,3.7.0.I20110519-0100,"org.eclipse.ui.workbench",1384985993544
started,bundle,org.eclipse.ui.workbench.texteditor,3.7.0.v20110505-0800,"org.eclipse.ui.workbench.texteditor",1384985993578
started,bundle,org.eclipse.update.configurator,3.3.100.v20100512,"org.eclipse.update.configurator",1384985993580
started,bundle,org.eclipse.update.core,3.2.500.v20110330,"org.eclipse.update.core",1384985993604
started,bundle,org.eclipse.update.scheduler,3.2.300.v20100512,"org.eclipse.update.scheduler",1384985993608
os,sysinfo,,,"win32",1384985993624
arch,sysinfo,,,"x86_64",1384985993624
ws,sysinfo,,,"win32",1384985993624
locale,sysinfo,,,"en_US",1384985993624
processors,sysinfo,,,"8",1384985993624
java.runtime.name,sysinfo,,,"Java(TM) SE Runtime Environment",1384985993624
java.runtime.version,sysinfo,,,"1.7.0_17-b02",1384985993624
java.specification.name,sysinfo,,,"Java Platform API Specification",1384985993624
java.specification.vendor,sysinfo,,,"Oracle Corporation",1384985993624
java.specification.version,sysinfo,,,"1.7",1384985993624
java.vendor,sysinfo,,,"Oracle Corporation",1384985993625
java.version,sysinfo,,,"1.7.0_17",1384985993625
java.vm.info,sysinfo,,,"mixed mode",1384985993625
java.vm.name,sysinfo,,,"Java HotSpot(TM) 64-Bit Server VM",1384985993625
java.vm.specification.name,sysinfo,,,"Java Virtual Machine Specification",1384985993625
java.vm.specification.vendor,sysinfo,,,"Oracle Corporation",1384985993625
java.vm.specification.version,sysinfo,,,"1.7",1384985993625
java.vm.vendor,sysinfo,,,"Oracle Corporation",1384985993625
java.vm.version,sysinfo,,,"23.7-b01",1384985993625
activated,editor,org.eclipse.cdt.ui,5.3.1.201109151620,"org.eclipse.cdt.ui.editor.CEditor",1384985993791
activated,view,org.eclipse.ui.navigator.resources,3.4.300.I20110421-1800,"org.eclipse.ui.navigator.ProjectExplorer",1384985993836
activated,editor,org.eclipse.cdt.ui,5.3.1.201109151620,"org.eclipse.cdt.ui.editor.CEditor",1384985993967
activated,view,org.eclipse.ui.navigator.resources,3.4.300.I20110421-1800,"org.eclipse.ui.navigator.ProjectExplorer",1384985994004
activated,editor,org.eclipse.cdt.ui,5.3.1.201109151620,"org.eclipse.cdt.ui.editor.CEditor",1384985994103
opened,view,org.eclipse.ui.ide,3.7.0.v20110809-1737,"org.eclipse.ui.views.ProblemView",1384985995142
started,bundle,org.eclipse.team.cvs.core,3.3.400.I20110510-0800,"org.eclipse.team.cvs.core",1384985996863
started,bundle,org.eclipse.team.cvs.ui,3.3.400.I20110510-0800,"org.eclipse.team.cvs.ui",1384985997671
executed,command,org.eclipse.ui.ide,3.7.0.v20110809-1737,"org.eclipse.ui.project.buildAll",1384985997885
deactivated,workbench,org.eclipse.ui.workbench,3.7.0.I20110519-0100,"",1384985999079
activated,workbench,org.eclipse.ui.workbench,3.7.0.I20110519-0100,"",1384986003972
activated,view,org.eclipse.ui.ide,3.7.0.v20110809-1737,"org.eclipse.ui.views.ProblemView",1384986004877
started,bundle,org.eclipse.cdt.codan.ui,2.0.0.201109151620,"org.eclipse.cdt.codan.ui",1384986005096
error,log,,,"Internal Error",1384986005260
started,bundle,org.eclipse.cdt.codan.checkers.ui,1.0.0.201109151620,"org.eclipse.cdt.codan.checkers.ui",1384986006810
activated,editor,org.eclipse.cdt.ui,5.3.1.201109151620,"org.eclipse.cdt.ui.editor.CEditor",1384986008936
executed,command,org.eclipse.cdt.ui,5.3.1.201109151620,"org.eclipse.cdt.ui.edit.text.c.format",1384986019451
executed,command,org.eclipse.ui,3.7.0.I20110602-0100,"org.eclipse.ui.file.save",1384986019677
executed,command,org.eclipse.ui.ide,3.7.0.v20110809-1737,"org.eclipse.ui.project.buildAll",1384986019680
error,log,,,"Internal Error",1384986019826
deactivated,workbench,org.eclipse.ui.workbench,3.7.0.I20110519-0100,"",1384986020385
activated,workbench,org.eclipse.ui.workbench,3.7.0.I20110519-0100,"",1384986024627
error,log,,,"Internal Error",1384986025567
started,bundle,org.eclipse.compare,3.5.201.R37x_v20110817-0800,"org.eclipse.compare",1384986025987
started,bundle,org.eclipse.debug.ui,3.7.101.v20110817_r371,"org.eclipse.debug.ui",1384986028020
started,bundle,org.eclipse.cdt.debug.core,7.1.0.201109151620,"org.eclipse.cdt.debug.core",1384986028521
started,bundle,org.eclipse.cdt.debug.ui,7.1.1.201109151620,"org.eclipse.cdt.debug.ui",1384986028533
deactivated,workbench,org.eclipse.ui.workbench,3.7.0.I20110519-0100,"",1384986029395
activated,workbench,org.eclipse.ui.workbench,3.7.0.I20110519-0100,"",1384986029683
executed,command,,,"org.eclipse.cdt.debug.ui.localCShortcut.run",1384986029730
started,bundle,org.eclipse.cdt.launch,7.0.0.201109151620,"org.eclipse.cdt.launch",1384986030053
activated,view,org.eclipse.ui.console,3.5.100.v20110511,"org.eclipse.ui.console.ConsoleView",1384986031163
started,bundle,org.eclipse.cdt.debug.mi.ui,6.1.0.201109151620,"org.eclipse.cdt.debug.mi.ui",1384986032751
started,bundle,org.eclipse.cdt.dsf,2.2.0.201109151620,"org.eclipse.cdt.dsf",1384986033492
started,bundle,org.eclipse.cdt.dsf.gdb,4.0.1.201109151620,"org.eclipse.cdt.dsf.gdb",1384986033617
started,bundle,org.eclipse.cdt.dsf.gdb.ui,2.2.1.201109151620,"org.eclipse.cdt.dsf.gdb.ui",1384986033691
started,bundle,org.eclipse.cdt.debug.mi.core,7.1.1.201109151620,"org.eclipse.cdt.debug.mi.core",1384986033778
activated,editor,org.eclipse.cdt.ui,5.3.1.201109151620,"org.eclipse.cdt.ui.editor.CEditor",1384986036777
deactivated,workbench,org.eclipse.ui.workbench,3.7.0.I20110519-0100,"",1384986037642
activated,workbench,org.eclipse.ui.workbench,3.7.0.I20110519-0100,"",1384986048781
deactivated,workbench,org.eclipse.ui.workbench,3.7.0.I20110519-0100,"",1384986053331
activated,workbench,org.eclipse.ui.workbench,3.7.0.I20110519-0100,"",1384986054504
deactivated,workbench,org.eclipse.ui.workbench,3.7.0.I20110519-0100,"",1384986056710
activated,workbench,org.eclipse.ui.workbench,3.7.0.I20110519-0100,"",1384986066192
executed,command,org.eclipse.ui,3.7.0.I20110602-0100,"org.eclipse.ui.edit.selectAll",1384986066671
executed,command,org.eclipse.ui,3.7.0.I20110602-0100,"org.eclipse.ui.edit.copy",1384986067068
executed,command,org.eclipse.ui,3.7.0.I20110602-0100,"org.eclipse.ui.edit.copy",1384986067262
executed,command,org.eclipse.ui,3.7.0.I20110602-0100,"org.eclipse.ui.edit.copy",1384986067421
executed,command,org.eclipse.ui,3.7.0.I20110602-0100,"org.eclipse.ui.edit.copy",1384986067583
executed,command,org.eclipse.ui,3.7.0.I20110602-0100,"org.eclipse.ui.edit.copy",1384986067749
deactivated,workbench,org.eclipse.ui.workbench,3.7.0.I20110519-0100,"",1384986068068
activated,workbench,org.eclipse.ui.workbench,3.7.0.I20110519-0100,"",1384986430450
deactivated,workbench,org.eclipse.ui.workbench,3.7.0.I20110519-0100,"",1384986431580
activated,workbench,org.eclipse.ui.workbench,3.7.0.I20110519-0100,"",1384986451231
activated,view,org.eclipse.ui.navigator.resources,3.4.300.I20110421-1800,"org.eclipse.ui.navigator.ProjectExplorer",1384986452676
opened,editor,org.eclipse.cdt.ui,5.3.1.201109151620,"org.eclipse.cdt.ui.editor.CEditor",1384986460759
activated,editor,org.eclipse.cdt.ui,5.3.1.201109151620,"org.eclipse.cdt.ui.editor.CEditor",1384986460875
deactivated,workbench,org.eclipse.ui.workbench,3.7.0.I20110519-0100,"",1384986475620
activated,workbench,org.eclipse.ui.workbench,3.7.0.I20110519-0100,"",1384986562273
deactivated,workbench,org.eclipse.ui.workbench,3.7.0.I20110519-0100,"",1384986564706
activated,workbench,org.eclipse.ui.workbench,3.7.0.I20110519-0100,"",1384986579266
deactivated,workbench,org.eclipse.ui.workbench,3.7.0.I20110519-0100,"",1384986580043
activated,workbench,org.eclipse.ui.workbench,3.7.0.I20110519-0100,"",1384987393937
executed,command,org.eclipse.ui,3.7.0.I20110602-0100,"org.eclipse.ui.edit.copy",1384987396787
executed,command,org.eclipse.ui,3.7.0.I20110602-0100,"org.eclipse.ui.edit.copy",1384987396963
executed,command,org.eclipse.ui,3.7.0.I20110602-0100,"org.eclipse.ui.edit.copy",1384987397122
executed,command,org.eclipse.ui,3.7.0.I20110602-0100,"org.eclipse.ui.edit.copy",1384987397289
deactivated,workbench,org.eclipse.ui.workbench,3.7.0.I20110519-0100,"",1384987397601
activated,workbench,org.eclipse.ui.workbench,3.7.0.I20110519-0100,"",1384987408496
executed,command,org.eclipse.ui,3.7.0.I20110602-0100,"org.eclipse.ui.edit.copy",1384987412804
deactivated,workbench,org.eclipse.ui.workbench,3.7.0.I20110519-0100,"",1384987413172
activated,workbench,org.eclipse.ui.workbench,3.7.0.I20110519-0100,"",1384987427927
deactivated,workbench,org.eclipse.ui.workbench,3.7.0.I20110519-0100,"",1384987428777
activated,workbench,org.eclipse.ui.workbench,3.7.0.I20110519-0100,"",1384987763989
activated,view,org.eclipse.ui.navigator.resources,3.4.300.I20110421-1800,"org.eclipse.ui.navigator.ProjectExplorer",1384987766509
activated,editor,org.eclipse.cdt.ui,5.3.1.201109151620,"org.eclipse.cdt.ui.editor.CEditor",1384987766734
error,log,,,"Internal Error",1384987768005
activated,view,org.eclipse.ui.navigator.resources,3.4.300.I20110421-1800,"org.eclipse.ui.navigator.ProjectExplorer",1384987768744
activated,editor,org.eclipse.cdt.ui,5.3.1.201109151620,"org.eclipse.cdt.ui.editor.CEditor",1384987768954
executed,command,org.eclipse.ui,3.7.0.I20110602-0100,"org.eclipse.ui.edit.selectAll",1384987770480
executed,command,org.eclipse.ui,3.7.0.I20110602-0100,"org.eclipse.ui.edit.paste",1384987770880
executed,command,org.eclipse.ui,3.7.0.I20110602-0100,"org.eclipse.ui.edit.undo",1384987771867
executed,command,org.eclipse.ui,3.7.0.I20110602-0100,"org.eclipse.ui.edit.paste",1384987772671
executed,command,org.eclipse.ui,3.7.0.I20110602-0100,"org.eclipse.ui.file.save",1384987773008
activated,editor,org.eclipse.cdt.ui,5.3.1.201109151620,"org.eclipse.cdt.ui.editor.CEditor",1384987774477
executed,command,org.eclipse.ui,3.7.0.I20110602-0100,"org.eclipse.ui.edit.copy",1384987777785
executed,command,org.eclipse.ui,3.7.0.I20110602-0100,"org.eclipse.ui.edit.copy",1384987777974
executed,command,org.eclipse.ui,3.7.0.I20110602-0100,"org.eclipse.ui.edit.copy",1384987778143
activated,editor,org.eclipse.cdt.ui,5.3.1.201109151620,"org.eclipse.cdt.ui.editor.CEditor",1384987779558
closed,editor,org.eclipse.cdt.ui,5.3.1.201109151620,"org.eclipse.cdt.ui.editor.CEditor",1384987779578
started,bundle,org.eclipse.cdt.mylyn.ui,3.6.0.v20110608-1400,"org.eclipse.cdt.mylyn.ui",1384987779838
executed,command,org.eclipse.ui,3.7.0.I20110602-0100,"org.eclipse.ui.edit.paste",1384987783552
executed,command,org.eclipse.ui,3.7.0.I20110602-0100,"org.eclipse.ui.file.save",1384987784229
deactivated,workbench,org.eclipse.ui.workbench,3.7.0.I20110519-0100,"",1384987785765
activated,workbench,org.eclipse.ui.workbench,3.7.0.I20110519-0100,"",1384987792690
opened,editor,org.eclipse.ui.editors,3.7.0.v20110517-0800,"org.eclipse.ui.DefaultTextEditor",1384987794419
activated,editor,org.eclipse.ui.editors,3.7.0.v20110517-0800,"org.eclipse.ui.DefaultTextEditor",1384987794560
executed,command,org.eclipse.ui,3.7.0.I20110602-0100,"org.eclipse.ui.edit.selectAll",1384987795297
executed,command,org.eclipse.ui,3.7.0.I20110602-0100,"org.eclipse.ui.edit.paste",1384987795870
executed,command,org.eclipse.ui,3.7.0.I20110602-0100,"org.eclipse.ui.file.save",1384987796219
activated,editor,org.eclipse.cdt.ui,5.3.1.201109151620,"org.eclipse.cdt.ui.editor.CEditor",1384987797283
deactivated,workbench,org.eclipse.ui.workbench,3.7.0.I20110519-0100,"",1384987800335
activated,workbench,org.eclipse.ui.workbench,3.7.0.I20110519-0100,"",1384987800468
executed,command,,,"org.eclipse.cdt.debug.ui.localCShortcut.run",1384987800478
opened,editor,org.eclipse.ui.editors,3.7.0.v20110517-0800,"org.eclipse.ui.DefaultTextEditor",1384987806960
activated,editor,org.eclipse.ui.editors,3.7.0.v20110517-0800,"org.eclipse.ui.DefaultTextEditor",1384987807081
activated,editor,org.eclipse.ui.editors,3.7.0.v20110517-0800,"org.eclipse.ui.DefaultTextEditor",1384987808178
activated,editor,org.eclipse.ui.editors,3.7.0.v20110517-0800,"org.eclipse.ui.DefaultTextEditor",1384987808856
activated,editor,org.eclipse.cdt.ui,5.3.1.201109151620,"org.eclipse.cdt.ui.editor.CEditor",1384987811121
activated,editor,org.eclipse.ui.editors,3.7.0.v20110517-0800,"org.eclipse.ui.DefaultTextEditor",1384987814155
activated,view,org.eclipse.ui.ide,3.7.0.v20110809-1737,"org.eclipse.ui.views.ProblemView",1384987816368
activated,view,org.eclipse.ui.navigator.resources,3.4.300.I20110421-1800,"org.eclipse.ui.navigator.ProjectExplorer",1384987820322
deactivated,workbench,org.eclipse.ui.workbench,3.7.0.I20110519-0100,"",1384987823778
activated,workbench,org.eclipse.ui.workbench,3.7.0.I20110519-0100,"",1384987823877
activated,editor,org.eclipse.cdt.ui,5.3.1.201109151620,"org.eclipse.cdt.ui.editor.CEditor",1384987834814
executed,command,org.eclipse.ui,3.7.0.I20110602-0100,"org.eclipse.ui.file.save",1384987839298
activated,view,org.eclipse.ui.navigator.resources,3.4.300.I20110421-1800,"org.eclipse.ui.navigator.ProjectExplorer",1384987840724
deactivated,workbench,org.eclipse.ui.workbench,3.7.0.I20110519-0100,"",1384987841707
activated,workbench,org.eclipse.ui.workbench,3.7.0.I20110519-0100,"",1384987846249
executed,command,org.eclipse.ltk.ui.refactoring,3.6.0.v20110505-0800,"org.eclipse.ltk.ui.refactoring.commands.renameResource",1384987846271
executed,command,org.eclipse.ui,3.7.0.I20110602-0100,"org.eclipse.ui.edit.rename",1384987846271
deactivated,workbench,org.eclipse.ui.workbench,3.7.0.I20110519-0100,"",1384987848155
activated,workbench,org.eclipse.ui.workbench,3.7.0.I20110519-0100,"",1384987850861
executed,command,org.eclipse.ltk.ui.refactoring,3.6.0.v20110505-0800,"org.eclipse.ltk.ui.refactoring.commands.renameResource",1384987850876
executed,command,org.eclipse.ui,3.7.0.I20110602-0100,"org.eclipse.ui.edit.rename",1384987850876
activated,editor,org.eclipse.cdt.ui,5.3.1.201109151620,"org.eclipse.cdt.ui.editor.CEditor",1384987851513
executed,command,org.eclipse.ui.ide,3.7.0.v20110809-1737,"org.eclipse.ui.project.buildAll",1384987852179
deactivated,workbench,org.eclipse.ui.workbench,3.7.0.I20110519-0100,"",1384987852579
activated,workbench,org.eclipse.ui.workbench,3.7.0.I20110519-0100,"",1384987855816
deactivated,workbench,org.eclipse.ui.workbench,3.7.0.I20110519-0100,"",1384987858463
activated,workbench,org.eclipse.ui.workbench,3.7.0.I20110519-0100,"",1384987858576
executed,command,,,"org.eclipse.cdt.debug.ui.localCShortcut.run",1384987858582
activated,editor,org.eclipse.ui.editors,3.7.0.v20110517-0800,"org.eclipse.ui.DefaultTextEditor",1384987862780
activated,editor,org.eclipse.ui.editors,3.7.0.v20110517-0800,"org.eclipse.ui.DefaultTextEditor",1384987863632
activated,editor,org.eclipse.ui.editors,3.7.0.v20110517-0800,"org.eclipse.ui.DefaultTextEditor",1384987865416
activated,editor,org.eclipse.ui.editors,3.7.0.v20110517-0800,"org.eclipse.ui.DefaultTextEditor",1384987866249
activated,editor,org.eclipse.ui.editors,3.7.0.v20110517-0800,"org.eclipse.ui.DefaultTextEditor",1384987866852
activated,view,org.eclipse.ui.console,3.5.100.v20110511,"org.eclipse.ui.console.ConsoleView",1384987868380
activated,editor,org.eclipse.ui.editors,3.7.0.v20110517-0800,"org.eclipse.ui.DefaultTextEditor",1384987870309
activated,editor,org.eclipse.ui.editors,3.7.0.v20110517-0800,"org.eclipse.ui.DefaultTextEditor",1384987871006
deactivated,workbench,org.eclipse.ui.workbench,3.7.0.I20110519-0100,"",1384987873021
activated,workbench,org.eclipse.ui.workbench,3.7.0.I20110519-0100,"",1384987890298
activated,editor,org.eclipse.cdt.ui,5.3.1.201109151620,"org.eclipse.cdt.ui.editor.CEditor",1384987892066
deactivated,workbench,org.eclipse.ui.workbench,3.7.0.I20110519-0100,"",1384987893054
activated,workbench,org.eclipse.ui.workbench,3.7.0.I20110519-0100,"",1384987911902
activated,editor,org.eclipse.ui.editors,3.7.0.v20110517-0800,"org.eclipse.ui.DefaultTextEditor",1384987916675
activated,editor,org.eclipse.ui.editors,3.7.0.v20110517-0800,"org.eclipse.ui.DefaultTextEditor",1384987918795
executed,command,org.eclipse.ui,3.7.0.I20110602-0100,"org.eclipse.ui.file.save",1384987928262
executed,command,org.eclipse.ui,3.7.0.I20110602-0100,"org.eclipse.ui.file.save",1384987944988
executed,command,org.eclipse.ui,3.7.0.I20110602-0100,"org.eclipse.ui.edit.copy",1384987948457
executed,command,org.eclipse.ui,3.7.0.I20110602-0100,"org.eclipse.ui.edit.copy",1384987948661
executed,command,org.eclipse.ui,3.7.0.I20110602-0100,"org.eclipse.ui.edit.copy",1384987948826
executed,command,org.eclipse.ui,3.7.0.I20110602-0100,"org.eclipse.ui.edit.copy",1384987948985
executed,command,org.eclipse.ui,3.7.0.I20110602-0100,"org.eclipse.ui.file.save",1384987952817
executed,command,org.eclipse.ui,3.7.0.I20110602-0100,"org.eclipse.ui.edit.copy",1384987971061
executed,command,org.eclipse.ui,3.7.0.I20110602-0100,"org.eclipse.ui.edit.copy",1384987971264
executed,command,org.eclipse.ui,3.7.0.I20110602-0100,"org.eclipse.ui.edit.copy",1384987971426
deactivated,workbench,org.eclipse.ui.workbench,3.7.0.I20110519-0100,"",1384987971938
activated,workbench,org.eclipse.ui.workbench,3.7.0.I20110519-0100,"",1384988016560
executed,command,org.eclipse.ui,3.7.0.I20110602-0100,"org.eclipse.ui.file.save",1384988020649
deactivated,workbench,org.eclipse.ui.workbench,3.7.0.I20110519-0100,"",1384988032111
activated,workbench,org.eclipse.ui.workbench,3.7.0.I20110519-0100,"",1384988035717
executed,command,org.eclipse.ui,3.7.0.I20110602-0100,"org.eclipse.ui.edit.copy",1384988037956
executed,command,org.eclipse.ui,3.7.0.I20110602-0100,"org.eclipse.ui.edit.copy",1384988038135
deactivated,workbench,org.eclipse.ui.workbench,3.7.0.I20110519-0100,"",1384988038447
activated,workbench,org.eclipse.ui.workbench,3.7.0.I20110519-0100,"",1384988159585
executed,command,org.eclipse.ui,3.7.0.I20110602-0100,"org.eclipse.ui.edit.copy",1384988160709
executed,command,org.eclipse.ui,3.7.0.I20110602-0100,"org.eclipse.ui.edit.copy",1384988160876
executed,command,org.eclipse.ui,3.7.0.I20110602-0100,"org.eclipse.ui.edit.copy",1384988161032
deactivated,workbench,org.eclipse.ui.workbench,3.7.0.I20110519-0100,"",1384988162077
activated,workbench,org.eclipse.ui.workbench,3.7.0.I20110519-0100,"",1384988185333
executed,command,org.eclipse.ui,3.7.0.I20110602-0100,"org.eclipse.ui.file.save",1384988189790
deactivated,workbench,org.eclipse.ui.workbench,3.7.0.I20110519-0100,"",1384988191141
activated,workbench,org.eclipse.ui.workbench,3.7.0.I20110519-0100,"",1384988242362
executed,command,org.eclipse.ui,3.7.0.I20110602-0100,"org.eclipse.ui.edit.copy",1384988245395
executed,command,org.eclipse.ui,3.7.0.I20110602-0100,"org.eclipse.ui.edit.copy",1384988245583
executed,command,org.eclipse.ui,3.7.0.I20110602-0100,"org.eclipse.ui.edit.copy",1384988245737
deactivated,workbench,org.eclipse.ui.workbench,3.7.0.I20110519-0100,"",1384988246100
activated,workbench,org.eclipse.ui.workbench,3.7.0.I20110519-0100,"",1384988353645
executed,command,org.eclipse.ui,3.7.0.I20110602-0100,"org.eclipse.ui.file.save",1384988365840
deactivated,workbench,org.eclipse.ui.workbench,3.7.0.I20110519-0100,"",1384988366322
activated,workbench,org.eclipse.ui.workbench,3.7.0.I20110519-0100,"",1384988367012
executed,command,org.eclipse.ui,3.7.0.I20110602-0100,"org.eclipse.ui.edit.copy",1384988368999
executed,command,org.eclipse.ui,3.7.0.I20110602-0100,"org.eclipse.ui.edit.copy",1384988369160
deactivated,workbench,org.eclipse.ui.workbench,3.7.0.I20110519-0100,"",1384988369474
activated,workbench,org.eclipse.ui.workbench,3.7.0.I20110519-0100,"",1384988931036
deactivated,workbench,org.eclipse.ui.workbench,3.7.0.I20110519-0100,"",1384988936463
activated,workbench,org.eclipse.ui.workbench,3.7.0.I20110519-0100,"",1384990142288
closed,workbench,org.eclipse.ui.workbench,3.7.0.I20110519-0100,"",1384990142714
